,VMTH,DOB,# days signs b4 dx,date of dx,Visit,Age ,Weight,Constipation,Anemia,Fleas,Rads,Other,Died,T4,Frequency,Dosage T4,T3,Dosage T3,Control,Date of sample,Sex,Lab,TT4 (RIA) (nmol),TT4 (RIA) ,TT4 (CLIA) nmol/L,TT4 CLIA ug/dL,TT4 ELISA,Tt4 Truforma ,T3 (RIA),FT4(RIA) pmol/L,FT4 RIA (ng/dL),FT4 (CLIA),FT4 Idexx,FT4d,cTSH (CLIA),TSH Idexx,Truforma TSH,IGF-1,Comments
Animal ID,patient no. ,,,,,,,,,,,,,,,,,,,,,,RR=10-47,ug/dL,RR:  9-46,RR = 0.69-3.5,,,nmol/L,RR:  10-53,RR=.777 - 4.1,ng/dL (0.59-3.04),,,MSU RR:  0-0.38,,0.03 - 0.12,,
Waldorf,726738,"February 20, 2021",,6/30/2021,1,132,0.696,2,1,3,3,,,,,,,,,6/30/2021,M,MSU,,,0,0.00,,,0.1,2,0.16,,,,6.35,,,,"Also have labs from Idexx, these are MSU resuls"
Waldorf,726738,2/20/2021,,,,159,0.833,,,,,,,12.5,2,15.0060024,,0,2,7/29/2021,M,MSU,,,12,0.93,,,,7,0.54,,,,5.81,,,,
Waldorf,726738,2/20/2021,,,,178,0.971,,,,,,,25,2,25.74665294,,0,2,8/17/2021,M,MSU,,,20,1.55,,,,19,1.48,,,,2.02,,,,
Bauhaus(Waldorf),726738,2/20/2021,,,,214,1.9,,,,,,,50,2,26.31578947,,0,1,9/22/2021,M,MSU,,,46,3.57,,,0.9,36,2.80,,,,0.34,,,,
Bauhaus(Waldorf),726738,2/20/2021,,,,255,2.4,,,,,,,50,2,20.83333333,,0,1,11/2/2021,M,MSU,,,43,3.34,,,0.7,39,3.03,,,,0.17,,,,
Bauhaus(Waldorf),726738,2/20/2021,,,,338,2.7,,,,,,,50,2,18.51851852,,0,1,1/24/2022,MC,MSU,,,29,2.25,,,0.8,26,2.02,,,,0.12,,,,
Bauhaus(Waldorf),726738,2/20/2021,,,,429,3.8,,,,,,,50,2,13.15789474,,0,1,4/25/2022,MC,MSU,,,34,2.64,,,,25,1.94,,,,0.03,,,,
Bauhaus(Waldorf),726738,2/20/2021,,,,515,3.9,,,,,,,50,2,12.82051282,,0,1,7/20/2022,MC,MSU,,,35,2.72,,,,29,2.25,,,,0.05,,,,
Bauhaus(Waldorf),726738,2/20/2021,,,,703,3.8,,,,,9,,50,2,13.15789474,,0,1,1/24/2023,MC,MSU,,,36,2.80,,,,38,2.95,,,,0.06,,,,
Bauhaus(Waldorf),726738,2/20/2021,,,,892,4.4,,,,,,,50,2,11.36363636,,0,1,8/1/2023,MC,MSU,,,41,3.19,,,,35,2.72,,,,0.1,,,,
Bauhaus(Waldorf),726738,2/20/2021,,,,1138,4.4,,,,,,,50,2,11.36363636,,0,1,"April 3, 2024",MC,MSU,,,38,2.95,,,0.7,46,3.57,,,,0.06,,,,
Bauhaus(Waldorf),726738,2/20/2021,,,,1584,4.6,,,,,,,100,1,21.73913043,,0,1,"June 23, 2025",MC,MSU,,,49,3.81,,,0.3,46,3.57,,,,0.13,,,,
Bauhaus(Waldorf),726738,2/20/2021,,,,1640,4.43,,,,,,,100,1,22.57336343,,0,1,"August 18, 2025",MC,MSU,,,24,1.86,,,0.3,27,2.10,,,,0.05,,,,
,,,,,,,,,,,,,,,,,,,,,,,,,,,,,,,,,,,,,,,
,,,,,,,,,,,,,,,,,,,,,,,,,,,,,,,,,,,,,,,
Cayenne,730813,"September 1, 2021",43,11/20/2021,1,80,0.66,1,2,2,2,5,1,,,,,,,"November 20, 2021",M,UCD,,,,<0.5,,,,,,<0.3,,,>12,,,,necropsy in comment
,,,,,,,,,,,,,,,,,,,,,,,,,,0.00,,,,,0.00,,,,,,,,
Lou,730721,"September 21, 2021",,11/23/2021,1,61,0.587,1,1,3,3,,,0,,0,,0,,11/23/2021,F,UCD,,,,<0.5,,,,,,<0.3,,,3.29,,,,
Lou,730721,9/21/2021,,11/23/2021,,61,0.587,,,,,,,0,,0,,0,,11/23/2021,F,MSU,,,0,0.00,,,0.3,2,0.16,,,,5.46,,,,
Lou,730721,9/21/2021,,,,85,0.77,,,,,,,25,2,32.46753247,,0,2,12/15/2021,F,MSU,,,10,0.78,,,0.7,12,0.93,,,,3.45,,,,
Lou,730721,9/21/2021,,,,134,1.5,,,,,,,50,2,33.33333333,,0,2,2/2/2022,F,MSU,,,10,0.78,,,0.8,12,0.93,,,,3.35,,,,
Lou,730721,9/21/2021,,,,163,2.1,,,,,,,75,2,35.71428571,,0,1,3/3/2022,F,MSU,,,51,3.96,,,1.5,41,3.19,,,,0.34,,,,
Lou,730721,9/21/2021,,,,217,2.5,,,,,,,75,2,30,,0,3,4/26/2022,FS,MSU,,,110,8.55,,,1.5,77,5.98,,,,0.21,,,,
Lou,730721,9/21/2021,,,,268,2.5,,,,,,,75,2,30,,0,5,6/16/2022,FS,MSU,,,59,4.58,,,1.2,68,5.28,,,,0.93,,,,
,,,,,,,,,,,,,,,,,,,,,,,,,,,,,,,,,,,,,,,
Newman,742585,"July 20, 2022",2,9/9/2022,1,51,0.65,1,3,3,,,,,,,,,,"Sept 09, 2022",M,Idexx,,,,,0.70,,,,,,0.3,,,10.7,,,
Newman,742585,"July 20, 2022",,,,56,0.65,1,2,1,2,5,,25,2,38.46153846,,0,0,"Sept 14, 2022",M,MSU,,,22,1.71,,2.84,0.5,26,2.02,,,,>12,,1.45,,
Newman,742585,"July 20, 2022",,,,85,2,,,,,,,37.5,2,18.75,,0,2,"October 13, 2022",,MSU,,,22,1.71,,2.04,,29,2.23,,,,>12.00,,1.2,,
Newman,742585,"July 20, 2022",,,,105,1.6,,`,,,,,50,2,31.25,,0,2,11/2/2022,,MSU,,,26,2.02,,1.82,,31,2.41,,,,>12.00,,>1.5,,
Newman,742585,"July 20, 2022",,,,125,2.1,,,,,,,75,2,35.71428571,,0,2,11/22/2022,,MSU,,,39,3.03,,2.23,,34,2.64,,,,5.25,,1.44,,
Newman,742585,"July 20, 2022",,,,155,2.7,,,,,,,100,2,37.03703704,,0,5,12/22/2022,,MSU,,,47,3.65,,5.92,,54,4.20,,,,0.96,,0.568,,
Newman,742585,"July 20, 2022",,,,204,3.7,,,,,,,125,2,33.78378378,,0,1,2/9/2023,,MSU,,,45,3.50,,,,53,4.12,,,,0.07,,0.061,,
Newman,742585,"July 20, 2022",,,,259,4.4,,,,,,,125,2,28.40909091,,0,1,4/5/2023,,MSU,,,44,3.42,,,,51,3.96,,,,0.01,,,,
Newman,742585,"July 20, 2022",,,,350,5.2,,,,,,,125,2,24.03846154,,0,3,7/5/2023,,MSU,,,84,6.53,,,,80,6.22,,,,0.06,,,,
Newman,742585,"July 20, 2022",,,,393,5.5,,,,,,,75,2,13.63636364,,0,2,8/17/2023,,MSU,,,22,1.71,,,,42,3.26,,,,0.56,,,,
Newman,742585,"July 20, 2022",,,,497,5.5,,,,,10,,200,1,36.36363636,,0,1,11/29/2023,,MSU,,,42,3.26,,,0.8,38,2.95,,,,0.03,,,,
Newman,742585,"July 20, 2022",,,,685,6.05,,,,,,,200,1,33.05785124,,0,4,6/4/2024,MC,MSU,,,57,4.43,,,1.3,50,3.89,,,,0.41,,0.169,,
Newman,742585,"July 20, 2022",,,,789,6.6,,,,,,,200,1,30.3030303,,0,4,9/16/2024,MC,MSU,,,85,6.60,,,1.5,83,6.45,,,,0.08,,,,
Newman,742585,"July 20, 2022",,,,840,6.6,,,,,,,100,1,15.15151515,,0,5,11/6/2024,MC,MSU,,,32,2.49,,,0.4,30,2.33,,,,3.42,,,,
Newman,742585,"July 20, 2022",,,,939,6.8,,,,,,,150,1,22.05882353,,0,4,2/13/2025,MC,MSU,,,70,5.44,,,0.5,49,3.81,,,,0.12,,,,
Newman,742585,"July 20, 2022",,,,974,6.7,,,,,,,125,1,18.65671642,,0,4,3/20/2025,MC,MSU,,,74,5.75,,,0.6,69,5.36,,,,0.17,,,,
Newman,742585,"July 20, 2022",,,,1035,6.7,,,,,,,100,1,14.92537313,,0,2,5/20/2025,MC,MSU,,,7,0.54,,,0.4,7,0.54,,,,>12,,,,
Newman,742585,"July 20, 2022",,,,1111,6.7,,,,,,,125,1,18.65671642,,0,5,8/4/2025,MC,MSU,,,19,1.48,,,0.5,31,2.41,,,,1.42,,,,
Newman,742585,"July 20, 2022",,,,1160,6.7,,,,,,,125,1,18.65671642,,0,5,9/22/2025,MC,MSU,,,36,2.80,,,0.4,44,3.42,,,,4.54,,,,
Newman,742585,"July 20, 2022",,,,1196,6.7,,,,,,,125,1,18.65671642,2.5,0.3731343284,5,10/28/2025,MC,MSU,,,23,1.79,,,0.6,27,2.10,,,,0.57,,,,
,,,,,,,,,,,,,,,,,,,,,,,,,,,,,,,,,,,,,,,
,,,,,,,,,,,,,,,,,,,,,,,,,,,,,,,,,,,,,,,
Chunk,742493,"August 2, 2022",35,,1,22,0.39,2,2,2,3,11,,,,0,,,,8/24/2022,M,MSU,,,0,0.00,,0.67,0.2,4,0.31,,,,5.56,,>1.50,,
Chunk,742493,8/2/2022,,,,58,0.49,1,2,,,,,,,0,,,,9/29/2022,M,MSU,,,0,0.00,0.60,0.83,,4,0.31,,<0.3,,1.99,1.46,0.337,,
Chunk,742493,8/2/2022,,,,72,0.75,1,,,,,,25,2,33.33333333,0,0,2,10/13/2022,M,MSU,,,33,2.56,,2.47,,31,2.41,,,,1.77,,0.442,,
Chunk,742493,8/2/2022,,,,85,1,2,1,,,,,37.5,2,37.5,0,0,2,10/26/2022,M,MSU,,,32,2.49,2.10,3.04,,33,2.56,,1.3,,1.44,1.31,0.429,,
Chunk,742493,8/2/2022,,,,100,1.3,,,,,,,50,2,38.46153846,0,0,2,11/10/2022,M,MSU,,,26,2.02,,2.26,,25,1.94,,,,1.67,,0.41,,
Chunk,742493,8/2/2022,,,,120,1.45,,,,,,,75,2,51.72413793,0,0,1,11/30/2022,M,MSU,,,58,4.51,,,,53,4.12,,,,0.27,,0.072,,
Chunk,742493,8/2/2022,,,,141,2.4,,,,,,,75,2,31.25,0,0,1,12/21/2022,M,MSU,,,44,3.42,,5.39,,44,3.42,,,,0.18,,0.062,,
Chunk,742493,8/2/2022,,,,164,2.7,,,,,,,75,2,27.77777778,0,0,1,1/13/2023,M,MSU,,,51,3.96,,4.17,,48,3.73,,,,0.04,,0.04,,
Chunk,742493,8/2/2022,,,,191,3.2,,,,,,,75,2,23.4375,0,0,1,2/9/2023,MC,MSU,,,37,2.87,,,,37,2.87,,,,0.15,,0.113,,
Chunk,742493,8/2/2022,,,,246,4,,,,,,,75,2,18.75,0,0,1,4/5/2023,MC,MSU,,,34,2.64,,,,34,2.64,,,,0.06,,,,
Chunk,742493,8/2/2022,,,,358,4.7,,,,,,,75,2,15.95744681,0,0,1,7/26/2023,MC,MSU,,,40,3.11,,,1.5,60,4.66,,,,0.26,,,,
Chunk,742493,8/2/2022,,,,561,4.2,,,,,,,75,2,17.85714286,0,0,1,2/14/2024,MC,MSU,,,39,3.03,,,1.1,38,2.95,,,,0.12,,,,
Chunk,742493,8/2/2022,,,,794,4.2,,,,,,,75,2,17.85714286,0,0,,10/4/2024,MC,Idexx,,,,,2.50,,,,,,,,,,,,
Chunk,742493,8/2/2022,,,,1080,4.4,,,,,2,,150,1,34.09090909,0,0,3,7/17/2025,MC,MSU,,,56,4.35,,,0.5,47,3.65,,,,0.06,,,,
Chunk,742493,8/2/2022,,,,1150,4.5,,,,,2,,125,1,27.77777778,0,0,1,9/25/2025,MC,MSU,,,40,3.11,,,0.4,38,2.95,,,,0.14,,,,
,,,,,,,,,,,,,,,,,,,,,,,,,,,,,,,,,,,,,,,
Aretha,744186,"August 12, 2022",,,1,31,0.23,2,3,3,3,,,,,,,,,9/12/2022,F,Idexx,,,,,<0.4,,,,,,,,,,,,
Aretha,744186,"August 12, 2022",,,,47,0.331,,,,,,,50,2,151.0574018,0,0,3,9/28/2022,F,Truforma,,,,,,21.00,,,,,,,,,<0.008,,
Aretha,744186,"August 12, 2022",,,,80,1.1,,,,,,,12.5,2,11.36363636,0,0,2,10/31/2022,F,MSU,,,12,0.93,,1.68,,15,1.17,,,,6.78,,1.07,,
Aretha,744186,"August 12, 2022",,,,110,1.5,,,,,,,50,2,33.33333333,0,0,2,11/30/2022,F,MSU,,,32,2.49,,,,39,3.03,,,,2.9,,,,
Aretha,744186,"August 12, 2022",,,,144,2.2,,,,,1,,75,2,34.09090909,0,0,2,1/3/2023,F,MSU,,,52,4.04,,6.85,,60,4.66,,,,0.63,,0.401,,
Aretha,744186,"August 12, 2022",,,,179,2.5,,,,,1,,75,2,30,0,0,2,2/7/2023,F,MSU,,,34,2.64,,,,39,3.03,,,,0.24,,0.206,,
Aretha,744186,"August 12, 2022",,,,215,2.7,,,,,1,,75,2,27.77777778,0,0,2,3/15/2023,F,MSU,,,56,4.35,,,,47,3.65,,,,0.27,,0.022,,
Aretha,744186,"August 12, 2022",,,,278,3.7,,,,,1,,75,2,20.27027027,0,0,1,5/17/2023,F,MSU,,,35,2.72,,,1.2,34,2.64,,,,1.27,,0.446,,
Aretha,744186,"August 12, 2022",,,,363,4.8,,,,,1,,125,2,26.04166667,0,0,3,8/10/2023,F,MSU,,,81,6.29,,,,83,6.45,,,,0.06,,,,
Aretha,744186,"August 12, 2022",,,,451,4.2,,,,,1,,100,2,23.80952381,0,0,1,11/6/2023,F,MSU,,,33,2.56,,,1,48,3.73,,,,0.01,,,,
Aretha,744186,"August 12,2022",,,,815,4.2,,,,,1,,100,2,23.80952381,0,0,,11/4/2024,FS,IDEXX,,,,,3.50,,,,,,,,,,,,
Aretha,744186,"August 12, 2022",,,,1172,4.2,,,,,1,,100,2,23.80952381,0,0,,10/27/2025,FS,IDEXX,,,,,2.60,,,,,,,,,,,,
,,,,,,,,,,,,,,,,0,,,,,,,,,,,,,,,,,,,,,,,
Ozzy,744301,"July 25, 2022",57,,1,85,0.36,1,3,3,2,,,,,0,0,0,,10/18/2022,M,DVM,,,,,<0.4,,,,,,,,,,,,
Ozzy,744301,7/25/2022,,,,101,0.4,1,,,2,,,50,1,125,0,0,3,11/03/2022,M,MSU,,,126,9.79,,13.90,,77,5.98,,,,0,,<0.008,,
Ozzy,744301,7/25/2022,,,,128,0.404,,,,,,,25,2,61.88118812,0,0,2,11/30/2022,M,MSU,,,27,2.10,,,,15,1.17,,,,6.06,,,,
Ozzy,744301,7/25/2022,,,,163,0.695,,,,,,,37.5,2,53.95683453,0,0,2,01/04/2023,M,MSU,,,46,3.57,,3.16,,42,3.26,,,,0.02,,<0.008,,
Ozzy,744301,7/25/2022,,,,212,1.535,,,,,,,50,2,32.5732899,0,0,2,02/22/2023,M,MSU,,,31,2.41,,,0.7,28,2.18,,,,>12,,>1.5,,
Ozzy,744301,7/25/2022,,,,240,2.3,,,,,,,75,2,32.60869565,0,0,2,03/22/2023,M,MSU,,,33,2.56,,,1.2,30,2.33,,,,>12,,>1.5,,
Ozzy,744301,7/25/2022,,,,281,3.8,,,,,,,125,2,32.89473684,0,0,2,05/02/2023,M,MSU,,,31,2.41,,,1.1,38,2.95,,,,9.51,,0.774,,
Ozzy,744301,7/25/2022,,,,311,4.3,,,,,,,200,2,46.51162791,0,0,5,6/1/2023,M,MSU,,,78,6.06,,,1.7,45,3.50,,,,0.49,,,,
Ozzy,744301,7/25/2022,,,,338,4.14,,,,,,,200,2,48.30917874,0,0,5,6/28/2023,M,MSU,,,69,5.36,,,,63,4.90,,,,0.43,,0.149,,
Ozzy,744301,7/25/2022,,,,359,4.37,,,,,,,200,2,45.76659039,0,0,3,7/19/2023,M,MSU,,,153,11.89,,,2.2,107,8.31,,,,0.08,,,,
Ozzy,744301,7/25/2022,,,,400,4.6,,,,,,,150,2,32.60869565,0,0,4,8/29/2023,M,MSU,,,69,5.31,,,1.3,65,5.05,,,,4.46,,,,
Ozzy,744301,7/25/2022,,,,442,4.7,,,,,,,150,2,31.91489362,0,0,4,10/10/2023,M,MSU,,,72,5.54,,,1.5,67,5.21,,,,1.22,,,,
Ozzy,744301,7/25/2022,,,,567,4.75,,,,,,,150,2,31.57894737,0,0,4,2/12/2024,MC,MSU,,,71,5.47,,,1.2,72,5.59,,,,1.2,,,,
Ozzy,744301,7/25/2022,,,,673,4.6,,,,,,,150,2,32.60869565,0,0,4,5/28/2024,MC,MSU,,,75,5.78,,,1.3,63,4.90,,,,0.6,,0.175,,
Ozzy,744301,7/25/2022,,,,814,4.6,,,,,,,200,1,43.47826087,0,0,4,10/16/2024,MC,MSU,,,62,4.77,,,0.5,63,4.90,,,,1.7,,,,
Ozzy,744301,7/25/2022,,,,917,4.6,,,,,,,200,1,43.47826087,0,0,4,1/27/2025,MC,MSU,,,60,4.62,,,0.5,59,4.58,,,,2.04,,,,
Ozzy (oral T3 started),744301,7/25/2022,,,,981,4.6,,,,,,,100,1,21.73913043,2.5,0.5434782609,4,4/1/2025,MC,MSU,,,53,4.08,,,0.6,57,4.43,,,,0.67,,,,
Ozzy,744301,7/25/2022,,,,1013,4.8,,,,,,,50,1,10.41666667,5,1.041666667,2,5/3/2025,MC, MSU,,,17,1.31,,,0.4,17,1.32,,,,>12.00,,,,
Ozzy,744301,7/25/2022,,,,1064,4.8,,,,,,,75,1,15.625,5,1.041666667,5,6/23/2025,MC,MSU,,,46,3.54,,,0.7,44,3.42,,,,1.7,,,,
Ozzy,744301,7/25/2022,,,,1121,4.9,,,,,,,75,1,15.30612245,10,2.040816327,5,8/19/2025,MC,MSU,,,21,1.62,,,0.9,23,1.79,,,,1.64,,,,
Ozzy,744301,7/25/2022,,,,,,,,,,,,75,1,,12.5,,,,,,,,,,,,,,,,,,,,,,
,,,,,,,,,,,,,,,,,,,,,,,,,,,,,,,,,,,,,,,
,,,,,,,,,,,,,,,,,,,,,,,,,,,,,,,,,,,,,,,
Tomato,753294,"April 27, 2023",0,6/1/2023,1,35,0.474,1,2,2,3,13,,,,0,,,,6/1/2023,M,UCD,,,,<0.5,,0.91,,,,<0.3,,,12,,0.851,,
Tomato,753294,4/27/2023,,6/1/2023,,46,0.607,,,,,,,25,2,41.18616145,0,0,2,6/12/2023,,MSU,,,23,1.79,,,,33,2.56,,,,0.87,,0.052,,
Tomato,753294,4/27/2023,,6/1/2023,,46,0.607,,2,,,,,25,2,41.18616145,0,0,2,6/12/2023,,UCD,,,,2.00,,,,,,0.83,,,0.66,,,,
Tomato,753294,4/27/2023,,6/1/2023,,70,1,,,,,,,50,2,50,0,0,2,7/6/2023,,UCD,,,,2.30,,1.57,,,,1.27,,,3.64,,0.255,,
Tomato,753294,4/27/2023,,6/1/2023,,83,1.33,,,,,,,75,2,56.39097744,0,0,1,7/19/2023,,UCD,,,,3.30,,,,,,1.91,,,<0.03,,,,
Tomato,753294,4/27/2023,,,,166,2.7,,,,,,,125,2,46.2962963,0,0,1,10/10/2023,,UCD,,,,3.60,,,,,,2.14,,,0.06,,,,
Tomato,753294,4/27/2023,,,,221,3.7,,,,,,,125,2,33.78378378,0,0,1,12/4/2023,,MSU,,,54,4.20,,,1.2,54,4.20,,,,0.03,,,,
Tomato,753294,4/27/2023,,,,313,4.3,,,,,,,125,2,29.06976744,0,0,1,3/5/2024,MC,MSU,,,39,3.03,,,1.4,47,3.65,,,,0.09,,,,
Tomato,753294,4/27/2023,,,,427,4.4,,,,,,,200,1,45.45454545,0,0,1,6/27/2024,MC,MSU,,,29,2.25,,,,27,2.10,,,,0.11,,,,
Tomato,753294,4/27/2023,,,,622,5.2,,,,,,,200,1,38.46153846,0,0,3,"January 8, 2025",MC,MSU,,,63,4.90,,,0.4,51,3.96,,,,0.13,,,,
Tomato,753294,4/27/2023,,,,676,5.2,,,,,,,150,1,28.84615385,0,0,3,"March 3, 2025",MC,MSU,,,64,4.97,,,0.5,53,4.12,,,,0.08,,,,
Tomato,753294,4/27/2023,,,,718,5.3,,,,,,,100,1,18.86792453,0,0,5,"April 14, 2025",MC,MSU,,,39,3.03,,,0.6,28,2.18,,,,0.68,,,,
Tomato,753294,4/27/2023,,,,768,5.2,,,,,,,100,1,19.23076923,0,0,2,"June 3, 2025",MC,MSU,,,24,1.86,,,0.3,24,1.86,,,,2.74,,,,
Tomato,753294,4/27/2023,,,,811,5.2,,,,,,,125,1,24.03846154,0,0,4,"July 16, 2025",MC,MSU,,,53,4.12,,,0.5,44,3.42,,,,0.77,,,,
Tomato,753294,4/27/2023,,,,854,5.2,,,,,,,125,1,24.03846154,0,0,5,"August 28, 2025",MC,MSU,,,32,2.49,,,0.4,35,2.72,,,,0.68,,,,
Tomato,753294,4/27/2023,,,,922,5.2,,,,,,,125,1,24.03846154,2.5,0.4807692308,1,"November 4, 2025",MC,MSU,,,44,3.42,,,0.6,35,2.72,,,,0.16,,,,
Tomato,753294,4/27/2023,,,,1020,5.4,,,,,,,125,1,23.14814815,2.5,0.462962963,,"February 10, 2026",MC,MSU,,,48,3.73,,,0.8,40,3.11,,,,,,,,
,,,,,,,,,,,,,,,,,,,,,,,,,,,,,,,,,,,,,,,
Kitten/Hedgie,754360,"May 23, 2023",0,6/21/2023,1,29,0.4,2,1,1,2,12,,,,,,,,"June 21, 2023",F,UCD,,,,<0.5,,,,,,<0.3,,,>12,,>1.5,,
Hedgie,754360,5/23/2023,,6/21/2023,,50,0.577,,,,,,,25,2,43.32755633,0,0,2,"July 12, 2023",F,UCD,,,,<0.5,,2.00,,,,<0.3,,,10.3,,1.17,,
Hedgie,754360,5/23/2023,,6/21/2023,,113,1.9,,,,,,,75,2,39.47368421,0,0,3,"September 13, 2023",F,UCD,,,,7.00,,,,,,2.9,,,0.09,,,,
Hedgie,754360,5/23/2023,,6/22/2023,,140,2.3,,,,,,,75,2,32.60869565,0,0,3,"October 10, 2023",F,UCD,,,,5.00,,,,,,2.47,,,0.13,,,,
Hedgie,754360,5/23/2023,,6/22/2023,,195,3.2,,,,,,,75,2,23.4375,0,0,1,"December 4, 2023",FS,MSU,,,45,3.50,,,1.3,54,,,,,0.03,,,,
Mackere/Hedgie,754360,5/23/2023,,,,301,4.2,,,,,,,75,2,17.85714286,0,0,1,"March 19, 2024",FS,MSU,,,53,4.12,,,1.3,66,5.13,,,,0.03,,,,
Mackerel/Hedgie,754360,5/23/2023,,,,388,4.2,,,,,,,75,2,17.85714286,0,0,1,"June 14, 2024",FS,MSU,,,42,3.26,,,,41,3.19,,,,"0,03",,,,
Mackerel,754360,5/23/2023,,,,576,4.3,,,,,,,75,2,17.44186047,0,0,1,"December 19, 2024",FS,MSU,,,48,3.73,,,0.5,39,3.03,,,,0.16,,,,
Mackerel,754360,5/23/2023,,,,654,4.4,,,,,,,125,1,28.40909091,0,0,3,"March 7, 2025",FS,MSU,,,48,3.73,,,0.4,53,4.12,,,,0.11,,,,
Mackerel,754360,5/23/2023,,,,693,4.3,,,,,,,100,1,23.25581395,0,0,3,"April 15, 2025",FS,MSU,,,70,5.44,,,0.5,67,5.21,,,,0.07,,,,
Mackerel,754360,5/23/2023,,,,735,4.4,,,,,,,50,1,11.36363636,0,0,1,"May 27, 2025",FS,MSU,,,31,2.41,,,0.3,37,2.87,,,,0.25,,,,
Mackerel,754360,5/23/2023,,,,891,4.3,,,,,,,50,1,11.62790698,0,0,2,"October 30, 2025",FS,MSU,,,41,3.19,,,0.3,44,3.42,,,,1.21,,,,
,,,,,,,,,,,,,,,,,,,,,,,,,,,,,,,,,,,,,,,
Cleo,754770,"May 1, 2023",,"July 5, 2025",1,65,0.66,1,1,3,3,,,,,,,,,"July 5, 2023",F,Idexx,,,,,,,,,,,<0.3,,6.52,,,,
Cleo,754770,"May 1, 2023",,"July 5, 2023",,72,0.66,1,,,,6,,50,2,75.75757576,,,2,"July 12, 2023",F,UCD,,,,3.10,,,,,,2.07,,,2.17,,1.24,,
Cleo,754770,5/1/2023,,"July 5, 2023",,112,1.7,,,,,8,,75,2,44.11764706,0,0,1,"August 21, 2023",F,UCD,,,,4.20,,,,,,1.97,,,0.09,,,,
Cleo,754770,5/1/2023,,,,158,2.8,,,,,,,100,2,35.71428571,0,0,1,"October 6, 2023",F,UCD,,,,3.70,,,,,,1.81,,,0.12,,,,
Cleo,754770,5/1/2023,,,,218,3.8,,,,,,,100,2,26.31578947,0,0,1,"December 5, 2023",FS,MSU,,,55,4.27,,,,58,4.51,,,,0.02,,,,
Cleo,754770,5/1/2023,,,,308,4.6,,,,,,,100,2,21.73913043,0,0,1,"March 4, 2024",FS,MSU,,,53,4.12,,,1.6,65,5.05,,,,0.08,,,,
Cleo,754770,5/1/2023,,,,386,4.77,,,,,,,100,2,20.96436059,0,0,1,"May 21, 2024",FS,MSU,,,43,3.34,,,1.1,47,3.65,,,,0.06,,,,
Cleo,754770,5/1/2023,,,,735,5,,,,,,,200,1,40,0,0,1,"May 5, 2025",FS,MSU,,,44,3.42,,,0.5,33,2.56,,,,0.12,,,,
Cleo,754770,5/1/2023,,,,930,5.3,,,,,,,200,1,37.73584906,0,0,1,"November 16, 2025",FS,MSU,,,36,2.80,,,0.3,32,2.49,,,,0.08,,,,
,,,,,,,,,,,,,,,,,,,,,,,,,,,,,,,,,,,,,,,
,,,,,,,,,,,,,,,,,,,,,,,,,,,,,,,,,,,,,,,
Jaden,754795,"May 2, 2023",26,"July 20, 2023",1,79,1,2,1,2,3,,,,,,,,,"July 20, 2023",M,UCD,,,,<0.5,,1.08,,,,<0.3,,,9.97,,0.286,,
Jaden,754795,"May 2, 2023",,"July 20, 2023",,101,1.3,,,,,,,75,2,57.69230769,0,0,3,"August 11, 2023",M,UCD,,,,5.90,,,,,,4.17,,,<0.03,,,,
Jaden,754795,"May 2, 2023",,,,168,2.3,,,,,,,100,2,43.47826087,0,0,1,"October 17, 2023",MC,UCD,,,,4.30,,,,,,2.52,,,0.06,,,,
Jaden,754795,"May 2, 2023",,,,216,2.7,,,,,,,100,2,37.03703704,0,0,1,"December 4, 2023",M,MSU,,,37,2.87,,,0.6,35,2.72,,,,0.03,,,,
Jaden,754795,"May 2, 2023",,,,307,2.7,,,,,,,100,2,37.03703704,0,0,1,"March 4, 2024",MC,MSU,,,25,1.94,,,0.5,27,2.10,,,,0.13,,,,
Jaden,754795,"May 2, 2023",,,,401,3.7,,,,,,,100,2,27.02702703,0,0,1,"June 6, 2024",MC,MSU,,,44,3.42,,,0.7,31,2.41,,,,0,,,,
Jaden,754795,"May 2, 2023",,,,630,4.4,,,,,,,100,2,22.72727273,0,0,3,"January 21, 2025",MC,MSU,,,53,4.12,,,0.4,32,2.49,,,,0.02,,,,
Jaden,754795,"May 2, 2023",,,,672,4.4,,,,,,,150,1,34.09090909,0,0,1,"March 4, 2025",MC,MSU,,,25,1.94,,,0.5,27,2.10,,,,0.13,,,,
,,,,,,,,,,,,,,,,,,,,,,,,,,,,,,,,,,,,,,,
,,,,,,,,,,,,,,,,,,,,,,,,,,,,,,,,,,,,,,,
Button,756023,"May 27, 2023",13,"July 23, 2023",1,57,0.35,1,2,2,3,,,,,,,,,"July 23, 2023",M,UCD,,,,<0.5,,<0.47,,,,<0.3,,,>12,,>1.5,,
Button,756023,"May 27, 2023",,"July 23, 2023",,95,0.945,,,,,,,50,2,52.91005291,0,0,2,"August 30, 2023",M,UCD,,,,3.00,,1.66,,,,1.31,,,3.5,,0.651,,
Button,756023,"May 27, 2023",,,,104,1.1,,,,,,,62.5,2,56.81818182,0,0,3,"September 8, 2023",M,UCD,,,,>15,,,,,,>6,,,0.17,,,,
Button,756023,"May 27, 2023",,,,135,2.1,,,,,,,75,2,35.71428571,0,0,1,"October 9, 2023",MC,UCD,,,,4.20,,,,,,1.72,,,0.11,,,,
Button,756023,"May 27, 2023",,,,191,3.4,,,,,,,75,2,22.05882353,0,0,1,"December 4, 2023",MC,MSU,,,41,3.19,,,,47,3.65,,,,0.03,,,,
Button,756023,"May 27, 2023",,,,304,4.2,,,,,,,75,2,17.85714286,0,0,1,"March 26, 2024",MC,MSU,,,33,2.56,,,1.5,47,3.65,,,,0.33,,,,
Button,756023,"May 27, 2023",,,,402,4.2,,,,,,,75,2,17.85714286,0,0,1,"July 2, 2024",MC,MSU,,,44,3.42,,,,39,3.03,,,,0.02,,,,
Button,756023,"May 27, 2023",,,,572,3.8,,,,,1,,75,1,19.73684211,0,0,3,"December 19, 2024",MC,UCD,,,,5.00,,,,,,2.07,,,0.03,,,,
Button,756023,"May 27, 2023",,,,636,3.9,,,,,1,,37.5,1,9.615384615,0,0,1,"February 21, 2025",MC,MSU,,,41,3.19,,,0.6,34,2.64,,,,0.19,,,,
Button,756023,"May 27, 2023",,,,762,4.4,,,,,1,,37.5,1,8.522727273,0,0,1,"June 27, 2025",MC,MSU,,,31,2.41,,,0.4,34,2.64,,,,0.14,,,,
Button,756023,"May 27, 2023",,,,863,5,,,,,1,,37.5,1,7.5,0,0,1,"October 6, 2025",MC,MSU,,,36,2.80,,,0.5,38,2.95,,,,0.1,,,,
,,,,,,,,,,,,,,,,,,,,,,,,,,,,,,,,,,,,,,,
,,,,,,,,,,,,,,,,,,,,,,,,,,,,,,,,,,,,,,,
A049403 Little Dude,757918,"August 3, 2023",5,8/31/2023,1,28,0.47,2,1,2,3,,,,,0,,,,"August 31, 2023",M,UCD,,,,<0.5,,0.98,,,,<0.3,,,>12,,>1.5 LOQ,,
A049403 Little Dude,757918,8/3/2023,,,,67,1.2,,,,,,,50,2,41.66666667,0,0,2,"October 9, 2023",M,UCD,,,,2.90,,,,,,1.54,,,7.96,,,,
A049403 Little Dude,757918,8/3/2023,,,,78,1.4,,,,,,,75,2,53.57142857,0,0,4,"October 20, 2023",M,UCD,,,,8.80,,,,,,4.6,,,2.88,,,,
A049403 Little Dude,757918,8/3/2023,,,,123,2.2,,,,,,,75,2,34.09090909,0,0,2,"December 4, 2023",M,MSU,,,29,2.25,,,1.1,35,2.72,,,,>12,,,,
A049403 Little Dude,757918,8/3/2023,,,,151,2.87,,,,,,,125,2,43.55400697,0,0,1,"January 1, 2024",MN,MSU,,,34,2.64,,,,45,3.50,,,,0.32,,,,
A049403 Little Dude,757918,8/3/2023,,,,193,3.5,,,,,,,125,2,35.71428571,0,0,5,"February 12, 2024",MN,MSU,,,46,3.57,,,1.5,47,3.65,,,,0.5,,,,
A049403 Little Dude,757918,8/3/2023,,,,236,4.3,,,,,,,150,2,34.88372093,0,0,1,"March 26, 2024",MN,MSU,,,44,3.42,,,1.3,54,4.20,,,,0.1,,,,
A049403 Little Dude,757918,8/3/2023,,,,326,4.8,,,,,,,150,2,31.25,0,0,1,"June 24, 2024",MC,MSU,,,38,2.95,,,,40,3.11,,,,0.1,,,,
A049403 Little Dude,757918,8/3/2023,,,,445,5.7,,,,,,,150,2,26.31578947,0,0,1,"October 21, 2024",MC,MSU,,,17,1.32,,,0.8,QNS,,,,,0.02,,,,
A049403 Little Dude,757918,8/3/2023,,,,624,6,,,,,,,150,2,25,0,0,1,"April 18, 2025",MC,MSU,,,35,2.72,,,0.4,45,3.50,,,,0.28,,,,
A049403 Little Dude,757918,8/3/2023,,,,826,6,,,,,,,150,2,25,0,0,3,"November 6, 2025",MC,MSU,,,60,4.66,,,0.9,58,4.51,,,,0.04,,,,
A049403 Little Dude,757918,8/3/2023,,,,901,6,,,,,,,300,1,50,0,0,3,"January 20, 2026",MC,MSU,,,169,13.13,,,1.4,128,9.95,,,,0.01,,,,
A049403 Little Dude,,,,,,,,,,,,,,,,,,,,,,,,,,,,,,,,,,,,,,,
,,,,,,,,,,,,,,,,,,,,,,,,,,,,,,,,,,,,,,,
,,,,,,,,,,,,,,,,,,,,,,,,,,,,,,,,,,,,,,,
Pici Young,759989,"June 1, 2023",,8/11/2023,1,71,0.995,1,2,3,1,4,,,,,,,,"August 11, 2023",F,Idexx,,,,,<0.4,,,,,,<0.3,,,>12,,,
Pici Young,759989,"June 1, 2023",,8/11/2023,,106,1.5,,,,,4,,75,2,50,0,0,2,"September 15, 2023",f,Idexx,,,,,3.80,,,,,,,,,>12,,,
Pici Young,759989,"June 1, 2023",,8/11/2023,,159,2.1,,,,,4,,75,2,35.71428571,0,0,5,"November 7, 2023",F,MSU,,,76,5.91,,,1.2,72,5.59,,,,1.23,,,,while on comppounded LT4 
Pici Young,759989,6/1/2023,,,,186,2.4,,,,,4,,75,2,31.25,0,0,1,"December 4, 2023",F,MSU,,,49,3.81,,,,48,3.73,,,,0.32,,,,
Pici Young,759989,6/1/2023,,,,223,2.5,,,,,"3,4",,75,2,30,0,0,1,"January 10, 2024",FS,MSU,,,56,4.35,,,1.4,59,4.58,,,,0.29,,,,
Pici Young,759989,6/1/2023,,,,278,2.9,,,,,"3,4",,75,2,25.86206897,0,0,1,"March 5, 2024",FS,MSU,,,53,4.12,,,1.5,60,4.66,,,,0.13,,,,
Pici Young,759989,6/1/2023,,,,365,3.2,,,,,"3,4",,75,2,23.4375,0,0,3,"May 31, 2024",FS,MSU,,,57,4.43,,,1.5,55,4.27,,,,0.16,,,,
Pici Young,759989,6/1/2023,,,,482,3.4,,,,,"3,4",,150,1,44.11764706,0,0,3,"September 25, 2024",FS,MSU,,,56,4.35,,,1.6,72,5.59,,,,0.08,,,,
Pici Young,759989,6/1/2023,,,,553,3.6,,,,,"3,4",,100,1,27.77777778,0,0,1,"December 5, 2024",FS,MSU,,,43,3.34,,,0.5,48,3.73,,,,0.1,,,,
Pici Young,759989,6/1/2023,,,,714,3.1,,,,,"3,4",,100,1,32.25806452,0,0,1,"May 15, 2025",FS,MSU,,,33,2.56,,,0.5,30,2.33,,,,0.23,,,,
Pici Young,759989,6/1/2023,,,,896,3.1,,,,,"3,4",,100,1,32.25806452,0,0,1,"November 13, 2025",FS,MSU,,,43,3.34,,,0.4,36,2.80,,,,0.23,,,,
,,,,,,,,,,,,,,,,,,,,,,,,,,,,,,,,,,,,,,,
,,,,,,,,,,,,,,,,,,,,,,,,,,,,,,,,,,,,,,,
Misty OKP,759621,"June 18, 2023",,,1,,0.53,2,3,3,3,,,0,0,0,0,0,,"October 4, 2025",,Idexx,,,,,<0.4,,,,,,,,,10,,,
Misty OKP,759621,"June 18, 2023",,,,142,0.778,,,,,,,37.5,2,48.20051414,0,0,2,"November 7, 2023",F,MSU,,,34,2.64,,,0,27,2.10,,,,5.85,,,,
Misty OKP,759621,6/18/2023,,,,170,1.5,,,,,,,50,2,33.33333333,0,0,2,"December 5, 2023",F,MSU,,,16,1.24,,,0.6,18,1.40,,,,6.92,,,,
Misty OKP,759621,6/18/2023,,,,204,1.8,,,,,,,75,2,41.66666667,0,0,2,"January 8, 2024",F,MSU,,,30,2.33,,,0.9,32,2.49,,,,6.44,,,,
Misty OKP,759621,6/18/2023,,,,225,2,,,,,,,125,2,62.5,0,0,3,"January 29, 2024",F,UCD,,,,8.00,,,,,,5.63,,,0.16,,,,
Misty OKP,759621,6/18/2023,,,,261,2.7,,,,,,,100,2,37.03703704,0,0,2,"March 5, 2024",FS,MSU,,,36,2.80,,,0.8,44,3.42,,,,11.9,,,,
Misty OKP,759621,6/18/2023,,,,302,3.1,,,,,,,125,2,40.32258065,0,0,2,"April 15, 2024",FS,MSU,,,35,2.72,,,1,42,3.26,,,,1.27,,,,
Misty OKP,759621,6/18/2023,,,,326,3.1,,,,,,,150,2,48.38709677,0,0,1,"May 9, 2024",FS,MSU,,,54,4.20,,,1,49,3.81,,,,0.17,,,,
Misty OKP,759621,6/18/2023,,,,411,3.9,,,,,,,150,2,38.46153846,0,0,1,"August 2, 2024",FS,MSU,,,44,3.42,,,1.3,45,3.50,,,,0.01,,,,
Misty OKP,759621,6/18/2023,,,,527,4,,,,,,,150,2,37.5,0,0,1,"November 26, 2024",FS,MSU,,,52,4.04,,,0.5,43,3.34,,,,0.1,,,,
Misty OKP,759621,6/18/2023,,,,592,4,,,,,,,250,1,62.5,0,0,3,"January 30, 2025",FS,MSU,,,48,3.73,,,0.4,45,3.50,,,,0.08,,,,
Misty OKP,759621,6/18/2023,,,,638,4.3,,,,,,,200,1,46.51162791,0,0,5,"March 17, 2025",FS,MSU,,,39,3.03,,,0.3,44,3.42,,,,1.88,,,,
Misty OKP,759621,6/18/2023,,,,667,4.1,,,,,,,200,1,48.7804878,0,0,3,"April 15, 2025",FS,MSU,,,58,4.51,,,0.5,53,4.12,,,,0.26,,,,
Misty OKP,759621,6/18/2023,,,,719,4,,,,,,,150,1,37.5,0,0,4,"June 6, 2025",FS,MSU,,,74,5.75,,,0.4,45,3.50,,,,0.9,,,,
Misty OKP,759621,6/18/2023,,,,785,4,,,,,,,125,1,31.25,0,0,5,"August 11, 2025",FS,MSU,,,31,2.41,,,0.4,36,2.80,,,,3.75,,,,
Misty,759621,6/18/2023,,,,865,4,,,,,,,125,1,31.25,2.5,0.625,4,"October 30, 2025",FS,MSU,,,51,3.96,,,0.4,49,3.81,,,,1.8,,,,
Misty,759621,6/18/2023,,,,948,4.3,,,,,,,125,1,29.06976744,5,1.162790698,,"January 21, 2026",FS,MSU,,,72,5.59,,,0.7,64,4.97,,,,0.79,,,,
Misty,759621,6/18/2023,,,,,,,,,,,,,,,,,,,,,,,,,,,,,,,,,,,,,
,,,,,,,,,,,,,,,,,,,,,,,,,,,,,,,,,,,,,,,
,,,,,,,,,,,,,,,,,,,,,,,,,,,,,,,,,,,,,,,
Tadpole,761616,"October 4, 2023",,,1,59,0.327,2,2,2,3,,,,,,,,,Dec 2 2023,,Idexx,,,,,0.70,,,,,,,,,1.07,,,
Tadpole,761616,"October 4, 2023",,,,122,0.82,,,,,,,25,2,30.48780488,0,0,,"February 3, 2024",,Idexx,,,,,2.40,,,,,,,,,,,,
Tadpole,761616,"October 4, 2023",,,,150,1.3,,,,,,,37.5,2,28.84615385,0,0,1,"March 2, 2024",,Idexx,,,,,3.70,,,,,,,,,0.11,,,
Tadpole,,"October4, 2023",,,,732,2.7,,,,,,,100,2,37.03703704,0,0,3,"October 5, 2025",,Idexx,,,,,10.00,,,,,,,,,<0.03,,,
Tadpole,,"October4, 2023",,,,401,2.8,,,,,,,100,1,35.71428571,9,0,1,"November 8, 2024",,Idexx,,,,,5.00,,,,,,,,,0.05,,,
Tadpole,761616,"October4, 2023",,,,611,3,,,,,,,100,1,33.33333333,0,0,1,"June 6, 2025",,Idexx,,,,,2.70,,,,,,,,,0.03,,,
Tadpole,761616,10/4/2023,,,,806,3,,,,,,,100,1,33.33333333,0,0,1,"December 18, 2025",,Idexx,,,,,4.10,,,,,,,,,0.03,,,
,,,,,,,,,,,,,,,,,,,,,,,,,,,,,,,,,,,,,,,
,,,,,,,,,,,,,,,,,,,,,,,,,,,,,,,,,,,,,,,
Kronk,767557,"April 6, 2024",,5/6/2024,1,28,0.314,1,1,1,2,7,,,,0,,,,"May 4, 2024",M,UCD,,,,<0.5,,,,,,<0.3,,,11.5,,>1.50,,
Pancake Circus aka Kronk,767557,"April 6, 2024",,,,74,1.3,,,,,,,75,2,57.69230769,0,0,2,"June 19, 2024",M,UCD,,,,3.20,,,,,,1.67,,,1.16,,,,
Pancake Circus aka Kronk,767557,"April 6, 2024",,,,93,1.5,,,,,,,100,2,66.66666667,0,0,1,"July 8, 2024",MC,UCD,,,,4.20,,,,2.53,,,,,<0.03,,,,
Pancake Circus aka Kronk,767557,"April 6, 2024",,,,221,3.8,,,,,,,100,2,26.31578947,0,0,1,"November 13, 2024",MC,MSU,,,41,3.19,,,0.6,46,3.57,,,,0.12,,,,
Pancake Circus aka Kronk,767557,"April 6, 2024",,,,311,4.6,,,,,,,100,2,21.73913043,0,0,3,"February 11, 2025",MC,MSU,,,55,4.27,,,0.3,45,3.50,,,,0.02,,,,
Pancake Circus aka Kronk,767557,"April 6, 2024",,,,465,5,,,,,,,100,2,20,0,0,3,"July 15, 2025",MC,MSU,,,68,5.28,,,0.6,69,5.36,,,,0.12,,,,
Pancake Circus aka Kronk,767557,"April 6, 2024",,,,520,5,,,,,,,150,1,30,0,0,1,"September 8, 2025",MC,MSU,,,46,3.57,,,0.4,33,2.56,,,,0.06,,,,
Pancake Circus aka Kronk,767557,4/6/2024,,,,655,5.27,,,,,,,150,1,28.4629981,0,0,3,"January 21, 2026",MC,MSU,,,74,5.75,,,0.6,57,4.43,,,,0.01,,,,
,,,,,,,,,,,,,,,,,,,,,,,,,,,,,,,,,,,,,,,
,,,,,,,,,,,,,,,,,,,,,,,,,,,,,,,,,,,,,,,
Berry,766439,"March 11,2024",,6/7/2024,1,88,1.1,1,1,2,2,,,,,,,,,"June 7, 2024",M,UCD,,,,<0.5,,,,,,<0.3,,,3.35,,,,
Berry,766439,3/11/2024,,,,106,1.3,,,,,,,75,2,57.69230769,0,0,2,"June 25, 2024",M,UCD,,,,3.50,,,,,,2.48,,,2.08,,,,
Berry,766439,3/11/2024,,,,126,1.9,,,,,,,100,2,52.63157895,0,0,1,"July 15, 2024",M,UCD,,,,4.70,,,,,,2.89,,,0.31,,,,
Berry,766439,3/11/2024,,,,232,3.9,,,,,,,125,2,32.05128205,0,0,1,"October 29, 2024",MC,MSU,,,52,4.04,,,0.5,49,3.81,,,,0.1,,,,
Berry,766439,3/11/2024,,,,324,5.1,,,,,,,125,2,24.50980392,0,0,1,"January 29, 2025",MC,MSU,,,35,2.72,,,,38,2.95,,,,0.05,,,,
Berry,766439,3/11/2024,,,,457,5.3,,,,,,,125,2,23.58490566,0,0,3,"June 11, 2025",MC,MSU,,,58,4.51,,,0.9,45,3.50,,,,0.04,,,,
Berry,766439,3/11/2024,,,,492,5.4,,,,,,,200,1,37.03703704,0,0,3,"July 16, 2025",MC,MSU,,,67,5.21,,,0.6,67,5.21,,,,0.17,,,,
Berry,766439,3/11/2024,,,,534,5.2,,,,,,,150,1,28.84615385,0,0,3,"August 27, 2025",MC,MSU,,,49,3.81,,,0.7,56,4.35,,,,0.05,,,,
Berry,766439,3/11/2024,,,,597,5.2,,,,,,,125,1,24.03846154,0,0,1,"October 29, 2025",MC,MSU,,,47,3.65,,,0.6,51,3.96,,,,0.04,,,,
,,,,,,,,,,,,,,,,,,,,,,,,,,,,,,,,,,,,,,,
,,,,,,,,,,,,,,,,,,,,,,,,,,,,,,,,,,,,,,,
,,,,,,,,,,,,,,,,,,,,,,,,,,,,,,,,,,,,,,,
Ethel,767088,"April 16, 2024",,7/2/2024,1,77,0.795,2,1,2,3,6,,,,,,,,"July 2, 2024",F,UCD,,,,<0.5,,,,,,<0.3,,,2.16,,0.047,,
Ethel,767088,4/16/2024,,7/3/2024,,125,1.7,,2,,,8,,87.5,2,51.47058824,0,0,1,"August 19, 2024",F,UCD,,,,5.30,,,,,,2.95,,,<0.03,,,,
Ethel,767088,4/16/2024,,,,182,2.7,,,,,,,112.5,2,41.66666667,0,0,3,"October 15, 2024",FS,MSU,,,90,6.99,,,,69,5.36,,,,0.05,,,,
Ethel,767088,4/16/2024,,,,268,3.5,,,,,,,100,2,28.57142857,0,0,1,"January 9, 2025",FS,MSU,,,47,3.65,,,0.5,40,3.11,,,,0.04,,,,
Ethel,767088,4/16/2024,,,,440,3.8,,,,,,,200,2,52.63157895,0,0,3,"June 30, 2025",FS,MSU,,,59,4.58,,,0.6,51,3.96,,,,0.13,,,,
Ethel,767088,4/16/2024,,,,526,3.8,,,,,,,100,2,26.31578947,0,0,3,"September 24, 2025",FS,MSU,,,57,4.43,,,0.5,50,3.89,,,,0.1,,,,
,,,,,,,,,,,,,,,,,,,,,,,,,,,,,,,,,,,,,,,
,,,,,,,,,,,,,,,,,,,,,,,,,,,,,,,,,,,,,,,
Sweet Pea,769689,"June 1, 2024",,7/15/2024,1,44,0.57,2,2,2,3,,,,,,,,,July 15. 2024,F,UCD,,,,<0.5,,,,,,<0.3,,,7.28,,,,
Sweet Pea,769689,6/1/2024,,,,107,1.7,,,,,,,87.5,2,51.47058824,0,0,2,"September 16, 2024",F,UCD,,,,1.20,,,,,,0.55,,,0.09,,,,
Sweet Pea,769689,6/1/2024,,,,221,3.7,,,,,,,125,2,33.78378378,0,0,1,"January 8, 2025",FS,MSU,,,64,4.97,,,0.7,53,4.12,,,,0.06,,,,
Sweet Pea,769689,6/1/2024,,,,339,4.6,,,,,,,125,2,27.17391304,0,0,3,"May 6, 2025",FS,MSU,,,85,6.60,,,0.9,68,5.28,,,,0.03,,,,
Sweet Pea,769689,6/1/2024,,,,376,5,,,,,,,125,1,25,0,0,1,"June 12, 2025",FS,MSU,,,46,3.57,,,0.5,33,2.56,,,,0.14,,,,
Sweet Pea,769689,6/1/2024,,,,495,5.7,,,,,,,125,1,21.92982456,0,0,1,"October 9, 2025",FS,MSU,,,43,3.34,,,0.3,36,2.80,,,,0.2,,,,
,,,,,,,,,,,,,,,,,,,,,,,,,,,,,,,,,,,,,,,
,,,,,,,,,,,,,,,,,,,,,,,,,,,,,,,,,,,,,,,
,,,,,,,,,,,,,,,,,,,,,,,,,,,,,,,,,,,,,,,
Oriole ,772893,"May 16, 2024",,6/25/2024,1,40,0.427,1,2,2,2,,,,,,,,,6/25/2024,M,Idexx,,,,,,,,,,,<0.3,,,,,,
Oriole ,772893,5/16/2024,,,,56,0.591,,,,,,,10,1,16.92047377,0,0,2,7/11/2024,M,MSU,,,10,0.78,,,0.4,,,,,5,6.52,,,,
Oriole ,772893,5/16/2024,,,,98,1.47,,,,,,,75,2,51.02040816,0,0,,8/22/2024,M,MSU,,,43,3.34,,,1.7,47,3.65,,,,0.55,,,,
,,,,,,,,,,,,,,,,,,,,,,,,,,,,,,,,,,,,,,,
Mini-Me Calio,772821,"July 6, 2024",,8/29/2024,1,53,0.34,2,1,2,3,,1,,,,,,,8/28/2024,F,Idexx,,,,,<0.4,,,,,,<0.3,,,5.88,,,Necropsy in comment
,,,,,,,,,,,,,,,,,,,,,,,,,,,,,,,,,,,,,,,
Carrot,773339,"August 4, 2024",,9/13/2024,1,40,0.49,2,1,2,3,,,0,,,,0,0,9/13/2024,M,UCD,,,,<0.5,,,,,,<0.3,,,8.46,,>1.50,,
Carrot,773339,8/4/2024,,,,81,1.245,2,2,,,,,62.5,2,50.20080321,0,0,1,10/24/2024,M,UD,,,,4.90,,,,,,3.09,,,0.21,,,,
Carrot,773339,8/4/2024,,,,158,2.9,2,,,,,,125,2,43.10344828,0,0,1,"January 9, 2025",MC,MSU,,,58,4.51,,,0.6,54,4.20,,,,0.02,,,,
Carrot,773339,8/4/2024,,,,275,4.5,2,,,,,,150,2,33.33333333,0,0,3,"May 6, 2025",MC,MSU,,,117,9.09,,,0.9,85,6.60,,,,0.03,,,,
Carrot,773339,8/4/2024,,,,305,4.475,2,,,,,,100,2,22.34636872,0,0,1,"June 5, 2025",MC,MSU,,,49,3.81,,,0.03,56,4.35,,,,0.08,,,,
Carrot,773339,8/4/2024,,,,346,4.9,2,,,,,,150,1,30.6122449,0,0,1,"July 16, 2025",MC,MSU,,,43,3.34,,,0.5,53,4.12,,,,0.12,,,,
Carrot,773339,8/5/2024,,,,477,4.9,2,,,,,,150,1,30.6122449,0,0,,"November 25, 2025",MC,MSU,,,54,4.20,,,0.7,47,3.65,,,,0.06,,,,
,,,,,,,,,,,,,,,,,,,,,,,,,,,,,,,,,,,,,,,
,,,,,,,,,,,,,,,,,,,,,,,,,,,,,,,,,,,,,,,
Powder,772244,"July 9, 2024",,9/18/2024,1,71,0.875,1,2,2,3,,,0,0,0,,0,,9/18/2024,M,UCD,,,,<0.5,,,,,,<0.30,,,7.91,,,,
Powder,772244,7/9/2024,,,,98,1.4,2,,,,,,62.5,2,44.64285714,0,0,2,10/15/2024,M,MSU,,,27,2.10,,,,23,1.79,,,,4.51,,,,
Powder,772244,7/9/2024,,,,173,2.94,2,,,,,,100,2,34.01360544,0,0,2,12/29/2024,MC,MSU,,,41,3.19,,,0.5,37,2.87,,,,6.33,,,,
Powder,772244,7/9/2024,,,,225,3.1,2,,,,,,125,2,40.32258065,0,0,2,"February 19,2025",MC,MSU,,,42,3.26,,,0.4,31,2.41,,,,0.68,,,,
Powder,772244,7/9/2024,,,,260,3.4,2,,,,,,150,2,44.11764706,0,0,1,"March 26,2025",MC,MSU,,,53,4.12,,,0.6,53,4.12,,,,0.05,,,,
Powder,772244,7/9/2024,,,,341,4.2,2,,,,,,150,2,35.71428571,0,0,1,"June 15, 2025",MC,MSU,,,75,5.83,,,0.4,66,5.13,,,,0.07,,,,
Powder,772244,7/9/2024,,,,427,4.4,2,,,,,,200,1,45.45454545,0,0,3,"September 9, 2025",MC,MSU,,,52,4.04,,,0.3,64,4.97,,,,0.08,,,,
Powder,772244,7/9/2024,,,,482,4.57,2,,,,,,150,1,32.82275711,0,0,3,"November 3, 2025",MC,MSU,,,49,3.81,,,0.4,39,3.03,,,,0.15,,,,
Powder,772244,7/9/2024,,,,574,4.62,2,,,,,,125,1,27.05627706,0,0,2,"February 3, 2026",MC,MSU,,,21,1.63,,,0.5,27,2.10,,,,1.65,,,,
,,,,,,,,,,,,,,,,,,,,,,,,,,,,,,,,,,,,,,,
,,,,,,,,,,,,,,,,,,,,,,,,,,,,,,,,,,,,,,,
Hamachi,775841,"May 6, 2024",,9/5/2024,1,122,2.3,1,2,2,2,,,,0,0,0,0,,9/5/2024,MC,VCA?,,,,<0.5,,,,,,,,3.5,,,,,
Hamachi,775841,"May 6, 2024",,,,203,2.5,1,2,,,,,50,2,20,0,0,2,11/25/2024,MC,UCD,,,,0.60,,,,,,<0.3,,,>12,,,,
Hamachi,775841,"May 6, 2024",,,,248,3.2,2,,,,,,125,2,39.0625,0,0,1,"January 9, 2025",MC,MSU,,,44,3.42,,,0.8,46,3.57,,,,0.09,,,,
Hamachi,775841,"May 6, 2024",,,,365,4.4,2,,,,,,125,2,28.40909091,0,0,3,"May 6, 2025",MC,MSU,,,70,5.44,,,0.8,61,4.74,0.02,,,,,,,
Hamachi,775841,"May 6, 2024",,,,402,4.4,2,,,,,,125,1,28.40909091,0,0,3,"June 12, 2025",MC,MSU,,,54,4.20,,,0.7,37,2.87,,,,0.08,,,,
Hamachi,775841,"May 6, 2024",,,,521,5.3,2,,,,,,125,1,23.58490566,0,0,4,"October 9,2025",MC,MSU,,,50,3.89,,,0.3,43,3.34,,,,0.59,,,,
Hamachi,775841,"May 6, 2024",,,,612,5.3,2,,,,,,125,1,23.58490566,0,0,3,"January 8, 2026",MC,MSU,,,60,4.66,,,0.7,53,4.12,,,,0.29,,,,
,,,,,,,,,,,,,,,,,,,,,,,,,,,,,,,,,,,,,,,
,,,,,,,,,,,,,,,,,,,,,,,,,,,,,,,,,,,,,,,
Yeti,104756,"October 3, 2024",,2/14/2025,1,134,1.2,1,3,3,3,,,,,,,,,"February 14, 2025",MC,Zoetis,,,,<0.5,,,<0.3,,,,,,1.06,,,,
Yeti,104756,10/3/2024,,,,204,2,1,,,,,,50,2,25,0,0,,"April 25, 2025",MC,Zoetis,,,,2.20,,,,,,,,,,,,,
Yeti,104756,10/3/2024,,,,298,3.7,1,,,,,,100,1,27.02702703,0,0,1,"July 28, 2025",MC,MSU,,,49,3.81,,,0.7,42,3.26,,,,0.18,,,,
Yeti,104756,10/3/2024,,,,425,5.07,1,,,,,,100,1,19.72386588,0,0,1,"December 2,2025",MC,MSU,,,46,3.57,,,0.6,46,3.57,,,,0.39,,,,
,,,,,,,,,,,,,,,,,,,,,,,,,,,,,,,,,,,,,,,
Stratus,106160,"April 22, 2025",,8/8/2025,1,108,1.45,2,2,1,3,,,,,,,,,"August 8, 2025",M,Idexx,,,,<0.4,,,,<3.9,<0.3,,,,1.68,,,,
Stratus,106160,4/22/2025,,,,120,1.45,,,,,,,,,,,,,"August 20, 2025",M,MSU,,,<4,<0.69,,,<0.3,8,0.62,,,,1.63,,,,
Stratus,106160,4/22/2025,,,,149,1.91,,,,,,,75,2,39.26701571,0,0,1,"September 18, 2025",M,MSU,,,50,3.89,,,0.9,55,4.27,,,,0.02,,,,
Stratus aka Figaro,106160,4/22/2025,,,,195,2.7,,,,,,,100,2,37.03703704,0,0,3,"November 3, 2025",MC,MSU,,,81,6.29,,,0.9,62,4.82,,,,0.02,,,,
Figaro,106160,4/22/2025,,,,226,3,,,,,,,100,2,33.33333333,0,0,,"December 4, 2025",MC,MSU,,,66,5.13,,,0.7,54,4.20,,,,0.03,,,,
,,,,,,,,,,,,,,,,,,,,,,,,,,,,,,,,,,,,,,,
,,,,,,,,,,,,,,,,,,,,,,,,,,,,,,,,,,,,,,,
Benny,108684,"July 21, 2025",,10/4/2025,1,81,0.98,2,1,2,3,,,,,,,,,"October 10, 2025",M,MSU,,,12,0.93,,,<0.3,12,0.93,,,,>12,,,,
Benny,108684,7/21/2025,,,,100,1.4,2,,,,,,50,2,35.71428571,0,0,4,"October 29, 2025",M,UCD,,,,6.30,,,,,,2.44,,,2.69,,,,
Benny,108684,7/21/2025,,,,169,3.2,2,,,,,,100,2,31.25,0,0,3,"January 6, 2026",MC,MSU,,,92,7.15,,,0.6,66,5.13,,,,0.15,,,,
,,,,,,,,,,,,,,,,,,,,,,,,,,,,,,,,,,,,,,,
,,,,,,,,,,,,,,,,,,,,,,,,,,,,,,,,,,,,,,,
Lydia,109367,"July 23, 2025",,10/23/2025,1,80,0.85,1,2,,3,,,0,0,0,0,0,,"October 11, 2025",D,Idexx,,,,,<0.4,,,,,,,,,,,,
Lydia,109367,7/23/2025,,,,92,0.85,,,,,,,,,,,,,"October 23, 2025",F,UCD,,,,,,,,,,,,,2.99,,,,
Lydia,109367,7/23/2025,,,,92,0.85,,,,,,,,,,,,2,"October 23, 2025",F,MSU,,,0,,,,< 0.3,5,0.39,,,,3.05,,,,
Lydia,109367,7/23/2025,,,,133,1.5,2,,,,,,75,2,50,0,0,5,"December 3, 2025",F,UCD,,,,5.50,,,,,,2.95,,,0.69,,,,
Lydia,109367,7/23/2025,,,,168,2.5,2,,,,,,75,2,30,0,0,5,"January 7,2026",FS,MSU,,,42,3.26,,,0.6,39,3.03,,,,2.98,,,,
,,,,,,,,,,,,,,,,,,,,,,,,,,,,,,,,,,,,,,,
Critter,110104,"September 4,2025",,10/13/2025,1,39,0.76,2,3,3,3,,,,,,,,,"October 13, 2025",M,MSU,,,4,0.31,,,< 0.3,9,0.70,,,,9.73,,,,
Critter,110104,9/4/2025,,,,58,1.179,2,,,,,,50,2,42.40882103,0,0,2,"November 1, 2025",MC,MSU,,,65,5.05,,,0.04,49,3.81,,,,0.62,,,,
Critter,110104,"September 4,2025",,,,77,1.673,2,,,,,,75,2,44.82964734,0,0,3,"November 20, 2025",MC,MSU,,,80,6.22,,,0.3,117,9.09,,,,0.42,,,,
Critter,110104,"September 4,2025",,,,96,2.16,2,,,,,,75,2,34.72222222,0,0,1,"December 9, 2025",MC,MSU,,,74,5.75,,,0.6,57,4.43,,,,0.26,,,,
,,,,,,,,,,,,,,,,#DIV/0!,,,,,,,,,,,,,,,,,,,,,,,
Totoro,110136,"July 1, 2025",,11/6/2025,1,128,1.2,2,2,2,3,14,,,,,,,,"November 6, 2025",M,UCD,,,,,,,,,,,,,5.15,,,,Felv positive
Totoro,110136,7/1/2025,,11/6/2025,,128,,2,,,,,,,,,,,,"November 6, 2025",M,MSU,,,0,0.00,,,<0.3,4,0.31,,,,3.43,,,,Felv positive
Totoro,110136,7/1/2025,,,,154,1.8,2,,,,,,75,2,41.66666667,0,0,1,"December 2, 2025",M,UCD,,,,3.40,,,,,,1.25,,,0.25,,,,Felv positive
Totoro,110136,7/1/2025,,,,203,2.97,2,,,,,,100,2,33.67003367,0,0,1,"January 20, 2026",MC,UCD,,,42,3.40,,,0.6,38,2.95,,,,0.1,,,,Felv positive
,,,,,,,,,,,,,,,,,,,,,,,,,,,,,,,,,,,,,,,
Anya,747070,"November 7, 2022",,12/19/2022,1,42,0.37,3,3,3,3,,1,,,,,,,"December 19, 2022",,Idexx,,,,,0.70,,,,,,,,,>12,,,Necropsy in comment
,,,,,,,,,,,,,,,,,,,,,,,,,,,,,,,,,,,,,,,
January ,711295,"April 21, 2020",,,1,21,0.16,2,1,,,,,,,0,0,0,,"May 12, 2020",F,UCD,,,,<0.5,,,,,,<0.3,,,4.74,,,,
January ,711295,4/21/2020,,,,51,0.323,,,,,,,5,2,15.47987616,0,0,2,"June 11, 2020",F,UCD,,,,0.80,,,,,,,,,,,,,
January ,711295,4/21/2020,,,,63,0.36,,,,,,1,7.5,2,20.83333333,0,0,2,"June 23, 2020",F,UCD,,,,<0.5,,,,,,<0.3,,,0.46,,,4,Necropsy in comment
,,,,,,,,,,,,,,,,,,,,,,,,,,,,,,,,,,,,,,,
Moonpie,,,15,1/13/2026,1,,,,,,,,,,,,,,,,,,,,,,,,,,,,,,,,,,
,,,,,,,,,,,,,,,,,,,,,,,,,,,,,,,,,,,,,,,
Muffintop,,,15,"January 13, 2026",,,,,,,,,,,,,,,,,,,,,,,,,,,,,,,,,,,
,,,,,,,,,,,,,,,,,,,,,,,,,,,,,,,,,,,,,,,
Chevy,114142,"May 1, 2025",89,10/20/2025,1,173,1.03,1,2,2,3,,,,,,,,,"October 21, 2025",F,Antech,,,,,<0.4,,,,,,,,,,,,
Chevy,114142,5/1/2025,,,,207,1.34,,,,,,,50,1,37.31343284,0,0,,"November24, 2025",F,Antech,,,,,1.80,,,,,,,,,,,,
Chevy,114142,5/1/2025,,,,278,2.065,,,,,,,50,1,24.21307506,0,0,2,"February 3, 2026",F,MSU,,,15,1.17,,,0.5,18,1.40,,,,11.9,,,,
,,,,,,,,,,,,,,,,,,,,,,,,,,,,,,,,,,,,,,,
# first visits,35,,,,,,,,,,,,,,,,,,,,,,,,,,,,,,,,,,,,,,